<tiltviewergallery>
	<photos>
		<photo imageurl="images/img_01.jpg" linkurl="http://www.17sucai.com">
			<title>Image 1</title>
			<description>This is a regular text description.</description>
		</photo>
		<photo imageurl="images/img_02.jpg" linkurl="http://www.17sucai.com">
			<title>Image 2</title>
			<description><![CDATA[This is a HTML text description. Supported tags are <b>bold</b>, <u>underline</u>, <i>italics</i>, linebreaks<br>and <font color="#ff0000" size="60">font tags</font>. Hyperlinks are not supported.]]></description>
		</photo>
		<photo imageurl="images/img_03.jpg" >
			<title>Image 3</title>
		<description>This image has no link button becasue the 'linkurl' property was removed from the photo tag</description>			
		</photo>
		<photo imageurl="images/img_04.jpg" linkurl="http://www.17sucai.com" showFlipButton="false">
			<title>Image 4</title>
			<description>This image has no flip button because the 'showFlipButton' property was added to the photo tag</description>			
		</photo>
		<photo imageurl="images/img_05.jpg" linkurl="http://www.17sucai.com">
			<title>Image 5</title>			
		</photo>
		<photo imageurl="images/img_06.jpg" linkurl="http://www.17sucai.com">
			<title>Image 6</title>			
		</photo>
		<photo imageurl="images/img_07.jpg" linkurl="http://www.17sucai.com">
			<title>Image 7</title>			
		</photo>
		<photo imageurl="images/img_08.jpg" linkurl="http://www.17sucai.com">
			<title>Image 8</title>			
		</photo>
		<photo imageurl="images/img_09.jpg" linkurl="http://www.17sucai.com">
			<title>Image 9</title>			
		</photo>
		<photo imageurl="images/img_10.jpg" linkurl="http://www.17sucai.com">
			<title>Image 10</title>			
		</photo>
		<photo imageurl="images/img_11.jpg" linkurl="http://www.17sucai.com">
			<title>Image 11</title>			
		</photo>
		<photo imageurl="images/img_12.jpg" linkurl="http://www.17sucai.com">
			<title>Image 12</title>			
		</photo>
		<photo imageurl="images/img_13.jpg" linkurl="http://www.17sucai.com">
			<title>Image 13</title>			
		</photo>
		<photo imageurl="images/img_14.jpg" linkurl="http://www.17sucai.com">
			<title>Image 14</title>			
		</photo>	
		<photo imageurl="images/img_15.jpg" linkurl="http://www.17sucai.com">
			<title>Image 15</title>			
		</photo>
		<photo imageurl="images/img_16.jpg" linkurl="http://www.17sucai.com">
			<title>Image 16</title>
		</photo>
		<photo imageurl="images/img_17.jpg" linkurl="http://www.17sucai.com">
			<title>Image 17</title>
		</photo>
		<photo imageurl="images/img_18.jpg" linkurl="http://www.17sucai.com">
			<title>Image 18</title>
		</photo>
		<photo imageurl="images/img_19.jpg" linkurl="http://www.17sucai.com">
			<title>Image 19</title>
		</photo>
		<photo imageurl="images/img_20.jpg" linkurl="http://www.17sucai.com">
			<title>Image 20</title>
		</photo>
		<photo imageurl="images/img_21.jpg" linkurl="http://www.17sucai.com">
			<title>Image 21</title>
		</photo>
		<photo imageurl="images/img_22.jpg" linkurl="http://www.17sucai.com">
			<title>Image 22</title>
		</photo>
		<photo imageurl="images/img_23.jpg" linkurl="http://www.17sucai.com">
			<title>Image 23</title>
		</photo>
		<photo imageurl="images/img_24.jpg" linkurl="http://www.17sucai.com">
			<title>Image 24</title>
		</photo>
		<photo imageurl="images/img_25.jpg" linkurl="http://www.17sucai.com">
			<title>Image 25</title>
		</photo>
		<photo imageurl="images/lanren.jpg" linkurl="http://www.17sucai.com">
			<title>Image 26</title>
            <description>You can visit www.17sucai.com for more info.</description>
		</photo>
	</photos>
</tiltviewergallery>